{"\uc704\ub3c4":{"\uc11c\uc6b8\uc2dc\uccad":37.4766013,"\uad6d\ub9bd\uad6d\uc545\uc6d0":37.4766013,"\ud574\uc6b4\ub300\ud574\uc218\uc695\uc7a5":37.4766013},"\uacbd\ub3c4":{"\uc11c\uc6b8\uc2dc\uccad":127.027488,"\uad6d\ub9bd\uad6d\uc545\uc6d0":127.027488,"\ud574\uc6b4\ub300\ud574\uc218\uc695\uc7a5":127.027488}}